"ID","Name","LongName","Parent"
"L105","D:","D:","L101"
"L106","GitRepos","D:/GitRepos","L105"
"L107","2022SourceMeter-CasadoCristianDavid","D:/GitRepos/2022SourceMeter-CasadoCristianDavid","L106"
"L108","junit5-r5.8.1","D:/GitRepos/2022SourceMeter-CasadoCristianDavid/junit5-r5.8.1","L107"
"L109","documentation","D:/GitRepos/2022SourceMeter-CasadoCristianDavid/junit5-r5.8.1/documentation","L108"
"L152","junit-jupiter-engine","D:/GitRepos/2022SourceMeter-CasadoCristianDavid/junit5-r5.8.1/junit-jupiter-engine","L108"
"L2761","junit-jupiter-api","D:/GitRepos/2022SourceMeter-CasadoCristianDavid/junit5-r5.8.1/junit-jupiter-api","L108"
"L6071","platform-tests","D:/GitRepos/2022SourceMeter-CasadoCristianDavid/junit5-r5.8.1/platform-tests","L108"
"L24058","junit-jupiter-migrationsupport","D:/GitRepos/2022SourceMeter-CasadoCristianDavid/junit5-r5.8.1/junit-jupiter-migrationsupport","L108"
"L24706","junit-jupiter-params","D:/GitRepos/2022SourceMeter-CasadoCristianDavid/junit5-r5.8.1/junit-jupiter-params","L108"
"L28390","junit-platform-commons","D:/GitRepos/2022SourceMeter-CasadoCristianDavid/junit5-r5.8.1/junit-platform-commons","L108"
"L33227","junit-platform-console","D:/GitRepos/2022SourceMeter-CasadoCristianDavid/junit5-r5.8.1/junit-platform-console","L108"
"L35468","junit-platform-engine","D:/GitRepos/2022SourceMeter-CasadoCristianDavid/junit5-r5.8.1/junit-platform-engine","L108"
"L40531","junit-platform-jfr","D:/GitRepos/2022SourceMeter-CasadoCristianDavid/junit5-r5.8.1/junit-platform-jfr","L108"
"L40728","junit-platform-launcher","D:/GitRepos/2022SourceMeter-CasadoCristianDavid/junit5-r5.8.1/junit-platform-launcher","L108"
"L45056","junit-platform-reporting","D:/GitRepos/2022SourceMeter-CasadoCristianDavid/junit5-r5.8.1/junit-platform-reporting","L108"
"L45767","junit-platform-runner","D:/GitRepos/2022SourceMeter-CasadoCristianDavid/junit5-r5.8.1/junit-platform-runner","L108"
"L46245","junit-platform-suite-api","D:/GitRepos/2022SourceMeter-CasadoCristianDavid/junit5-r5.8.1/junit-platform-suite-api","L108"
"L46371","junit-platform-suite-commons","D:/GitRepos/2022SourceMeter-CasadoCristianDavid/junit5-r5.8.1/junit-platform-suite-commons","L108"
"L46720","junit-platform-suite-engine","D:/GitRepos/2022SourceMeter-CasadoCristianDavid/junit5-r5.8.1/junit-platform-suite-engine","L108"
"L47096","junit-platform-testkit","D:/GitRepos/2022SourceMeter-CasadoCristianDavid/junit5-r5.8.1/junit-platform-testkit","L108"
"L48077","junit-vintage-engine","D:/GitRepos/2022SourceMeter-CasadoCristianDavid/junit5-r5.8.1/junit-vintage-engine","L108"
"L50202","junit-jupiter","D:/GitRepos/2022SourceMeter-CasadoCristianDavid/junit5-r5.8.1/junit-jupiter","L108"
"L50237","junit-platform-suite","D:/GitRepos/2022SourceMeter-CasadoCristianDavid/junit5-r5.8.1/junit-platform-suite","L108"
"L50255","platform-tooling-support-tests","D:/GitRepos/2022SourceMeter-CasadoCristianDavid/junit5-r5.8.1/platform-tooling-support-tests","L108"
"L50267","src","D:/GitRepos/2022SourceMeter-CasadoCristianDavid/junit5-r5.8.1/src","L108"
"L110","src","D:/GitRepos/2022SourceMeter-CasadoCristianDavid/junit5-r5.8.1/documentation/src","L109"
"L153","src","D:/GitRepos/2022SourceMeter-CasadoCristianDavid/junit5-r5.8.1/junit-jupiter-engine/src","L152"
"L2762","src","D:/GitRepos/2022SourceMeter-CasadoCristianDavid/junit5-r5.8.1/junit-jupiter-api/src","L2761"
"L6072","src","D:/GitRepos/2022SourceMeter-CasadoCristianDavid/junit5-r5.8.1/platform-tests/src","L6071"
"L24059","src","D:/GitRepos/2022SourceMeter-CasadoCristianDavid/junit5-r5.8.1/junit-jupiter-migrationsupport/src","L24058"
"L24707","src","D:/GitRepos/2022SourceMeter-CasadoCristianDavid/junit5-r5.8.1/junit-jupiter-params/src","L24706"
"L28391","src","D:/GitRepos/2022SourceMeter-CasadoCristianDavid/junit5-r5.8.1/junit-platform-commons/src","L28390"
"L33228","src","D:/GitRepos/2022SourceMeter-CasadoCristianDavid/junit5-r5.8.1/junit-platform-console/src","L33227"
"L35469","src","D:/GitRepos/2022SourceMeter-CasadoCristianDavid/junit5-r5.8.1/junit-platform-engine/src","L35468"
"L40532","src","D:/GitRepos/2022SourceMeter-CasadoCristianDavid/junit5-r5.8.1/junit-platform-jfr/src","L40531"
"L40729","src","D:/GitRepos/2022SourceMeter-CasadoCristianDavid/junit5-r5.8.1/junit-platform-launcher/src","L40728"
"L45057","src","D:/GitRepos/2022SourceMeter-CasadoCristianDavid/junit5-r5.8.1/junit-platform-reporting/src","L45056"
"L45768","src","D:/GitRepos/2022SourceMeter-CasadoCristianDavid/junit5-r5.8.1/junit-platform-runner/src","L45767"
"L46246","src","D:/GitRepos/2022SourceMeter-CasadoCristianDavid/junit5-r5.8.1/junit-platform-suite-api/src","L46245"
"L46372","src","D:/GitRepos/2022SourceMeter-CasadoCristianDavid/junit5-r5.8.1/junit-platform-suite-commons/src","L46371"
"L46721","src","D:/GitRepos/2022SourceMeter-CasadoCristianDavid/junit5-r5.8.1/junit-platform-suite-engine/src","L46720"
"L47097","src","D:/GitRepos/2022SourceMeter-CasadoCristianDavid/junit5-r5.8.1/junit-platform-testkit/src","L47096"
"L48078","src","D:/GitRepos/2022SourceMeter-CasadoCristianDavid/junit5-r5.8.1/junit-vintage-engine/src","L48077"
"L50203","src","D:/GitRepos/2022SourceMeter-CasadoCristianDavid/junit5-r5.8.1/junit-jupiter/src","L50202"
"L50238","src","D:/GitRepos/2022SourceMeter-CasadoCristianDavid/junit5-r5.8.1/junit-platform-suite/src","L50237"
"L50256","projects","D:/GitRepos/2022SourceMeter-CasadoCristianDavid/junit5-r5.8.1/platform-tooling-support-tests/projects","L50255"
"L50505","src","D:/GitRepos/2022SourceMeter-CasadoCristianDavid/junit5-r5.8.1/platform-tooling-support-tests/src","L50255"
"L50268","spotless","D:/GitRepos/2022SourceMeter-CasadoCristianDavid/junit5-r5.8.1/src/spotless","L50267"
"L111","test","D:/GitRepos/2022SourceMeter-CasadoCristianDavid/junit5-r5.8.1/documentation/src/test","L110"
"L159","main","D:/GitRepos/2022SourceMeter-CasadoCristianDavid/junit5-r5.8.1/documentation/src/main","L110"
"L154","test","D:/GitRepos/2022SourceMeter-CasadoCristianDavid/junit5-r5.8.1/junit-jupiter-engine/src/test","L153"
"L11088","main","D:/GitRepos/2022SourceMeter-CasadoCristianDavid/junit5-r5.8.1/junit-jupiter-engine/src/main","L153"
"L50192","module","D:/GitRepos/2022SourceMeter-CasadoCristianDavid/junit5-r5.8.1/junit-jupiter-engine/src/module","L153"
"L2763","main","D:/GitRepos/2022SourceMeter-CasadoCristianDavid/junit5-r5.8.1/junit-jupiter-api/src/main","L2762"
"L7757","testFixtures","D:/GitRepos/2022SourceMeter-CasadoCristianDavid/junit5-r5.8.1/junit-jupiter-api/src/testFixtures","L2762"
"L50189","module","D:/GitRepos/2022SourceMeter-CasadoCristianDavid/junit5-r5.8.1/junit-jupiter-api/src/module","L2762"
"L6073","test","D:/GitRepos/2022SourceMeter-CasadoCristianDavid/junit5-r5.8.1/platform-tests/src/test","L6072"
"L28290","jmh","D:/GitRepos/2022SourceMeter-CasadoCristianDavid/junit5-r5.8.1/platform-tests/src/jmh","L6072"
"L24060","main","D:/GitRepos/2022SourceMeter-CasadoCristianDavid/junit5-r5.8.1/junit-jupiter-migrationsupport/src/main","L24059"
"L24068","test","D:/GitRepos/2022SourceMeter-CasadoCristianDavid/junit5-r5.8.1/junit-jupiter-migrationsupport/src/test","L24059"
"L50196","module","D:/GitRepos/2022SourceMeter-CasadoCristianDavid/junit5-r5.8.1/junit-jupiter-migrationsupport/src/module","L24059"
"L24708","main","D:/GitRepos/2022SourceMeter-CasadoCristianDavid/junit5-r5.8.1/junit-jupiter-params/src/main","L24707"
"L24721","test","D:/GitRepos/2022SourceMeter-CasadoCristianDavid/junit5-r5.8.1/junit-jupiter-params/src/test","L24707"
"L50199","module","D:/GitRepos/2022SourceMeter-CasadoCristianDavid/junit5-r5.8.1/junit-jupiter-params/src/module","L24707"
"L28392","main","D:/GitRepos/2022SourceMeter-CasadoCristianDavid/junit5-r5.8.1/junit-platform-commons/src/main","L28391"
"L33178","testFixtures","D:/GitRepos/2022SourceMeter-CasadoCristianDavid/junit5-r5.8.1/junit-platform-commons/src/testFixtures","L28391"
"L50207","module","D:/GitRepos/2022SourceMeter-CasadoCristianDavid/junit5-r5.8.1/junit-platform-commons/src/module","L28391"
"L33229","main","D:/GitRepos/2022SourceMeter-CasadoCristianDavid/junit5-r5.8.1/junit-platform-console/src/main","L33228"
"L50210","module","D:/GitRepos/2022SourceMeter-CasadoCristianDavid/junit5-r5.8.1/junit-platform-console/src/module","L33228"
"L35470","main","D:/GitRepos/2022SourceMeter-CasadoCristianDavid/junit5-r5.8.1/junit-platform-engine/src/main","L35469"
"L38155","testFixtures","D:/GitRepos/2022SourceMeter-CasadoCristianDavid/junit5-r5.8.1/junit-platform-engine/src/testFixtures","L35469"
"L50213","module","D:/GitRepos/2022SourceMeter-CasadoCristianDavid/junit5-r5.8.1/junit-platform-engine/src/module","L35469"
"L40533","main","D:/GitRepos/2022SourceMeter-CasadoCristianDavid/junit5-r5.8.1/junit-platform-jfr/src/main","L40532"
"L50216","module","D:/GitRepos/2022SourceMeter-CasadoCristianDavid/junit5-r5.8.1/junit-platform-jfr/src/module","L40532"
"L40730","main","D:/GitRepos/2022SourceMeter-CasadoCristianDavid/junit5-r5.8.1/junit-platform-launcher/src/main","L40729"
"L40790","testFixtures","D:/GitRepos/2022SourceMeter-CasadoCristianDavid/junit5-r5.8.1/junit-platform-launcher/src/testFixtures","L40729"
"L50219","module","D:/GitRepos/2022SourceMeter-CasadoCristianDavid/junit5-r5.8.1/junit-platform-launcher/src/module","L40729"
"L45058","main","D:/GitRepos/2022SourceMeter-CasadoCristianDavid/junit5-r5.8.1/junit-platform-reporting/src/main","L45057"
"L50222","module","D:/GitRepos/2022SourceMeter-CasadoCristianDavid/junit5-r5.8.1/junit-platform-reporting/src/module","L45057"
"L45769","main","D:/GitRepos/2022SourceMeter-CasadoCristianDavid/junit5-r5.8.1/junit-platform-runner/src/main","L45768"
"L50225","module","D:/GitRepos/2022SourceMeter-CasadoCristianDavid/junit5-r5.8.1/junit-platform-runner/src/module","L45768"
"L46247","main","D:/GitRepos/2022SourceMeter-CasadoCristianDavid/junit5-r5.8.1/junit-platform-suite-api/src/main","L46246"
"L50228","module","D:/GitRepos/2022SourceMeter-CasadoCristianDavid/junit5-r5.8.1/junit-platform-suite-api/src/module","L46246"
"L46373","main","D:/GitRepos/2022SourceMeter-CasadoCristianDavid/junit5-r5.8.1/junit-platform-suite-commons/src/main","L46372"
"L50231","module","D:/GitRepos/2022SourceMeter-CasadoCristianDavid/junit5-r5.8.1/junit-platform-suite-commons/src/module","L46372"
"L46722","main","D:/GitRepos/2022SourceMeter-CasadoCristianDavid/junit5-r5.8.1/junit-platform-suite-engine/src/main","L46721"
"L50234","module","D:/GitRepos/2022SourceMeter-CasadoCristianDavid/junit5-r5.8.1/junit-platform-suite-engine/src/module","L46721"
"L47098","main","D:/GitRepos/2022SourceMeter-CasadoCristianDavid/junit5-r5.8.1/junit-platform-testkit/src/main","L47097"
"L50242","module","D:/GitRepos/2022SourceMeter-CasadoCristianDavid/junit5-r5.8.1/junit-platform-testkit/src/module","L47097"
"L48079","main","D:/GitRepos/2022SourceMeter-CasadoCristianDavid/junit5-r5.8.1/junit-vintage-engine/src/main","L48078"
"L48088","test","D:/GitRepos/2022SourceMeter-CasadoCristianDavid/junit5-r5.8.1/junit-vintage-engine/src/test","L48078"
"L49842","testFixtures","D:/GitRepos/2022SourceMeter-CasadoCristianDavid/junit5-r5.8.1/junit-vintage-engine/src/testFixtures","L48078"
"L50245","module","D:/GitRepos/2022SourceMeter-CasadoCristianDavid/junit5-r5.8.1/junit-vintage-engine/src/module","L48078"
"L50204","module","D:/GitRepos/2022SourceMeter-CasadoCristianDavid/junit5-r5.8.1/junit-jupiter/src/module","L50203"
"L50239","module","D:/GitRepos/2022SourceMeter-CasadoCristianDavid/junit5-r5.8.1/junit-platform-suite/src/module","L50238"
"L50257","gradle-missing-engine","D:/GitRepos/2022SourceMeter-CasadoCristianDavid/junit5-r5.8.1/platform-tooling-support-tests/projects/gradle-missing-engine","L50256"
"L50262","java-versions","D:/GitRepos/2022SourceMeter-CasadoCristianDavid/junit5-r5.8.1/platform-tooling-support-tests/projects/java-versions","L50256"
"L50342","ant-starter","D:/GitRepos/2022SourceMeter-CasadoCristianDavid/junit5-r5.8.1/platform-tooling-support-tests/projects/ant-starter","L50256"
"L50356","gradle-starter","D:/GitRepos/2022SourceMeter-CasadoCristianDavid/junit5-r5.8.1/platform-tooling-support-tests/projects/gradle-starter","L50256"
"L50370","maven-starter","D:/GitRepos/2022SourceMeter-CasadoCristianDavid/junit5-r5.8.1/platform-tooling-support-tests/projects/maven-starter","L50256"
"L50428","vintage","D:/GitRepos/2022SourceMeter-CasadoCristianDavid/junit5-r5.8.1/platform-tooling-support-tests/projects/vintage","L50256"
"L50441","multi-release-jar","D:/GitRepos/2022SourceMeter-CasadoCristianDavid/junit5-r5.8.1/platform-tooling-support-tests/projects/multi-release-jar","L50256"
"L50481","standalone","D:/GitRepos/2022SourceMeter-CasadoCristianDavid/junit5-r5.8.1/platform-tooling-support-tests/projects/standalone","L50256"
"L50506","main","D:/GitRepos/2022SourceMeter-CasadoCristianDavid/junit5-r5.8.1/platform-tooling-support-tests/src/main","L50505"
"L50516","test","D:/GitRepos/2022SourceMeter-CasadoCristianDavid/junit5-r5.8.1/platform-tooling-support-tests/src/test","L50505"
"L112","java","D:/GitRepos/2022SourceMeter-CasadoCristianDavid/junit5-r5.8.1/documentation/src/test/java","L111"
"L160","java","D:/GitRepos/2022SourceMeter-CasadoCristianDavid/junit5-r5.8.1/documentation/src/main/java","L159"
"L155","java","D:/GitRepos/2022SourceMeter-CasadoCristianDavid/junit5-r5.8.1/junit-jupiter-engine/src/test/java","L154"
"L11089","java","D:/GitRepos/2022SourceMeter-CasadoCristianDavid/junit5-r5.8.1/junit-jupiter-engine/src/main/java","L11088"
"L50193","org.junit.jupiter.engine","D:/GitRepos/2022SourceMeter-CasadoCristianDavid/junit5-r5.8.1/junit-jupiter-engine/src/module/org.junit.jupiter.engine","L50192"
"L2764","java","D:/GitRepos/2022SourceMeter-CasadoCristianDavid/junit5-r5.8.1/junit-jupiter-api/src/main/java","L2763"
"L7758","java","D:/GitRepos/2022SourceMeter-CasadoCristianDavid/junit5-r5.8.1/junit-jupiter-api/src/testFixtures/java","L7757"
"L50190","org.junit.jupiter.api","D:/GitRepos/2022SourceMeter-CasadoCristianDavid/junit5-r5.8.1/junit-jupiter-api/src/module/org.junit.jupiter.api","L50189"
"L6074","java","D:/GitRepos/2022SourceMeter-CasadoCristianDavid/junit5-r5.8.1/platform-tests/src/test/java","L6073"
"L50249","resources","D:/GitRepos/2022SourceMeter-CasadoCristianDavid/junit5-r5.8.1/platform-tests/src/test/resources","L6073"
"L28291","java","D:/GitRepos/2022SourceMeter-CasadoCristianDavid/junit5-r5.8.1/platform-tests/src/jmh/java","L28290"
"L24061","java","D:/GitRepos/2022SourceMeter-CasadoCristianDavid/junit5-r5.8.1/junit-jupiter-migrationsupport/src/main/java","L24060"
"L24069","java","D:/GitRepos/2022SourceMeter-CasadoCristianDavid/junit5-r5.8.1/junit-jupiter-migrationsupport/src/test/java","L24068"
"L50197","org.junit.jupiter.migrationsupport","D:/GitRepos/2022SourceMeter-CasadoCristianDavid/junit5-r5.8.1/junit-jupiter-migrationsupport/src/module/org.junit.jupiter.migrationsupport","L50196"
"L24709","java","D:/GitRepos/2022SourceMeter-CasadoCristianDavid/junit5-r5.8.1/junit-jupiter-params/src/main/java","L24708"
"L24722","java","D:/GitRepos/2022SourceMeter-CasadoCristianDavid/junit5-r5.8.1/junit-jupiter-params/src/test/java","L24721"
"L50200","org.junit.jupiter.params","D:/GitRepos/2022SourceMeter-CasadoCristianDavid/junit5-r5.8.1/junit-jupiter-params/src/module/org.junit.jupiter.params","L50199"
"L28393","java","D:/GitRepos/2022SourceMeter-CasadoCristianDavid/junit5-r5.8.1/junit-platform-commons/src/main/java","L28392"
"L28402","java9","D:/GitRepos/2022SourceMeter-CasadoCristianDavid/junit5-r5.8.1/junit-platform-commons/src/main/java9","L28392"
"L33179","java","D:/GitRepos/2022SourceMeter-CasadoCristianDavid/junit5-r5.8.1/junit-platform-commons/src/testFixtures/java","L33178"
"L50208","org.junit.platform.commons","D:/GitRepos/2022SourceMeter-CasadoCristianDavid/junit5-r5.8.1/junit-platform-commons/src/module/org.junit.platform.commons","L50207"
"L33230","java9","D:/GitRepos/2022SourceMeter-CasadoCristianDavid/junit5-r5.8.1/junit-platform-console/src/main/java9","L33229"
"L33236","java","D:/GitRepos/2022SourceMeter-CasadoCristianDavid/junit5-r5.8.1/junit-platform-console/src/main/java","L33229"
"L50211","org.junit.platform.console","D:/GitRepos/2022SourceMeter-CasadoCristianDavid/junit5-r5.8.1/junit-platform-console/src/module/org.junit.platform.console","L50210"
"L35471","java","D:/GitRepos/2022SourceMeter-CasadoCristianDavid/junit5-r5.8.1/junit-platform-engine/src/main/java","L35470"
"L38156","java","D:/GitRepos/2022SourceMeter-CasadoCristianDavid/junit5-r5.8.1/junit-platform-engine/src/testFixtures/java","L38155"
"L50214","org.junit.platform.engine","D:/GitRepos/2022SourceMeter-CasadoCristianDavid/junit5-r5.8.1/junit-platform-engine/src/module/org.junit.platform.engine","L50213"
"L40534","java","D:/GitRepos/2022SourceMeter-CasadoCristianDavid/junit5-r5.8.1/junit-platform-jfr/src/main/java","L40533"
"L50217","org.junit.platform.jfr","D:/GitRepos/2022SourceMeter-CasadoCristianDavid/junit5-r5.8.1/junit-platform-jfr/src/module/org.junit.platform.jfr","L50216"
"L40731","java","D:/GitRepos/2022SourceMeter-CasadoCristianDavid/junit5-r5.8.1/junit-platform-launcher/src/main/java","L40730"
"L40791","java","D:/GitRepos/2022SourceMeter-CasadoCristianDavid/junit5-r5.8.1/junit-platform-launcher/src/testFixtures/java","L40790"
"L50220","org.junit.platform.launcher","D:/GitRepos/2022SourceMeter-CasadoCristianDavid/junit5-r5.8.1/junit-platform-launcher/src/module/org.junit.platform.launcher","L50219"
"L45059","java","D:/GitRepos/2022SourceMeter-CasadoCristianDavid/junit5-r5.8.1/junit-platform-reporting/src/main/java","L45058"
"L50223","org.junit.platform.reporting","D:/GitRepos/2022SourceMeter-CasadoCristianDavid/junit5-r5.8.1/junit-platform-reporting/src/module/org.junit.platform.reporting","L50222"
"L45770","java","D:/GitRepos/2022SourceMeter-CasadoCristianDavid/junit5-r5.8.1/junit-platform-runner/src/main/java","L45769"
"L50226","org.junit.platform.runner","D:/GitRepos/2022SourceMeter-CasadoCristianDavid/junit5-r5.8.1/junit-platform-runner/src/module/org.junit.platform.runner","L50225"
"L46248","java","D:/GitRepos/2022SourceMeter-CasadoCristianDavid/junit5-r5.8.1/junit-platform-suite-api/src/main/java","L46247"
"L50229","org.junit.platform.suite.api","D:/GitRepos/2022SourceMeter-CasadoCristianDavid/junit5-r5.8.1/junit-platform-suite-api/src/module/org.junit.platform.suite.api","L50228"
"L46374","java","D:/GitRepos/2022SourceMeter-CasadoCristianDavid/junit5-r5.8.1/junit-platform-suite-commons/src/main/java","L46373"
"L50232","org.junit.platform.suite.commons","D:/GitRepos/2022SourceMeter-CasadoCristianDavid/junit5-r5.8.1/junit-platform-suite-commons/src/module/org.junit.platform.suite.commons","L50231"
"L46723","java","D:/GitRepos/2022SourceMeter-CasadoCristianDavid/junit5-r5.8.1/junit-platform-suite-engine/src/main/java","L46722"
"L50235","org.junit.platform.suite.engine","D:/GitRepos/2022SourceMeter-CasadoCristianDavid/junit5-r5.8.1/junit-platform-suite-engine/src/module/org.junit.platform.suite.engine","L50234"
"L47099","java","D:/GitRepos/2022SourceMeter-CasadoCristianDavid/junit5-r5.8.1/junit-platform-testkit/src/main/java","L47098"
"L50243","org.junit.platform.testkit","D:/GitRepos/2022SourceMeter-CasadoCristianDavid/junit5-r5.8.1/junit-platform-testkit/src/module/org.junit.platform.testkit","L50242"
"L48080","java","D:/GitRepos/2022SourceMeter-CasadoCristianDavid/junit5-r5.8.1/junit-vintage-engine/src/main/java","L48079"
"L48089","java","D:/GitRepos/2022SourceMeter-CasadoCristianDavid/junit5-r5.8.1/junit-vintage-engine/src/test/java","L48088"
"L49843","java","D:/GitRepos/2022SourceMeter-CasadoCristianDavid/junit5-r5.8.1/junit-vintage-engine/src/testFixtures/java","L49842"
"L50246","org.junit.vintage.engine","D:/GitRepos/2022SourceMeter-CasadoCristianDavid/junit5-r5.8.1/junit-vintage-engine/src/module/org.junit.vintage.engine","L50245"
"L50205","org.junit.jupiter","D:/GitRepos/2022SourceMeter-CasadoCristianDavid/junit5-r5.8.1/junit-jupiter/src/module/org.junit.jupiter","L50204"
"L50240","org.junit.platform.suite","D:/GitRepos/2022SourceMeter-CasadoCristianDavid/junit5-r5.8.1/junit-platform-suite/src/module/org.junit.platform.suite","L50239"
"L50258","src","D:/GitRepos/2022SourceMeter-CasadoCristianDavid/junit5-r5.8.1/platform-tooling-support-tests/projects/gradle-missing-engine/src","L50257"
"L50263","src","D:/GitRepos/2022SourceMeter-CasadoCristianDavid/junit5-r5.8.1/platform-tooling-support-tests/projects/java-versions/src","L50262"
"L50343","src","D:/GitRepos/2022SourceMeter-CasadoCristianDavid/junit5-r5.8.1/platform-tooling-support-tests/projects/ant-starter/src","L50342"
"L50357","src","D:/GitRepos/2022SourceMeter-CasadoCristianDavid/junit5-r5.8.1/platform-tooling-support-tests/projects/gradle-starter/src","L50356"
"L50371","src","D:/GitRepos/2022SourceMeter-CasadoCristianDavid/junit5-r5.8.1/platform-tooling-support-tests/projects/maven-starter/src","L50370"
"L50429","src","D:/GitRepos/2022SourceMeter-CasadoCristianDavid/junit5-r5.8.1/platform-tooling-support-tests/projects/vintage/src","L50428"
"L50442","default","D:/GitRepos/2022SourceMeter-CasadoCristianDavid/junit5-r5.8.1/platform-tooling-support-tests/projects/multi-release-jar/default","L50441"
"L50482","src","D:/GitRepos/2022SourceMeter-CasadoCristianDavid/junit5-r5.8.1/platform-tooling-support-tests/projects/standalone/src","L50481"
"L50507","java","D:/GitRepos/2022SourceMeter-CasadoCristianDavid/junit5-r5.8.1/platform-tooling-support-tests/src/main/java","L50506"
"L50517","java","D:/GitRepos/2022SourceMeter-CasadoCristianDavid/junit5-r5.8.1/platform-tooling-support-tests/src/test/java","L50516"
"L113","example","D:/GitRepos/2022SourceMeter-CasadoCristianDavid/junit5-r5.8.1/documentation/src/test/java/example","L112"
"L2431","extensions","D:/GitRepos/2022SourceMeter-CasadoCristianDavid/junit5-r5.8.1/documentation/src/test/java/extensions","L112"
"L2455","org","D:/GitRepos/2022SourceMeter-CasadoCristianDavid/junit5-r5.8.1/documentation/src/test/java/org","L112"
"L161","example","D:/GitRepos/2022SourceMeter-CasadoCristianDavid/junit5-r5.8.1/documentation/src/main/java/example","L160"
"L156","example","D:/GitRepos/2022SourceMeter-CasadoCristianDavid/junit5-r5.8.1/junit-jupiter-engine/src/test/java/example","L155"
"L2756","org","D:/GitRepos/2022SourceMeter-CasadoCristianDavid/junit5-r5.8.1/junit-jupiter-engine/src/test/java/org","L155"
"L11090","org","D:/GitRepos/2022SourceMeter-CasadoCristianDavid/junit5-r5.8.1/junit-jupiter-engine/src/main/java/org","L11089"
"L2765","org","D:/GitRepos/2022SourceMeter-CasadoCristianDavid/junit5-r5.8.1/junit-jupiter-api/src/main/java/org","L2764"
"L7759","org","D:/GitRepos/2022SourceMeter-CasadoCristianDavid/junit5-r5.8.1/junit-jupiter-api/src/testFixtures/java/org","L7758"
"L6075","org","D:/GitRepos/2022SourceMeter-CasadoCristianDavid/junit5-r5.8.1/platform-tests/src/test/java/org","L6074"
"L50250","modules-2500","D:/GitRepos/2022SourceMeter-CasadoCristianDavid/junit5-r5.8.1/platform-tests/src/test/resources/modules-2500","L50249"
"L28292","org","D:/GitRepos/2022SourceMeter-CasadoCristianDavid/junit5-r5.8.1/platform-tests/src/jmh/java/org","L28291"
"L24062","org","D:/GitRepos/2022SourceMeter-CasadoCristianDavid/junit5-r5.8.1/junit-jupiter-migrationsupport/src/main/java/org","L24061"
"L24070","org","D:/GitRepos/2022SourceMeter-CasadoCristianDavid/junit5-r5.8.1/junit-jupiter-migrationsupport/src/test/java/org","L24069"
"L24710","org","D:/GitRepos/2022SourceMeter-CasadoCristianDavid/junit5-r5.8.1/junit-jupiter-params/src/main/java/org","L24709"
"L24723","org","D:/GitRepos/2022SourceMeter-CasadoCristianDavid/junit5-r5.8.1/junit-jupiter-params/src/test/java/org","L24722"
"L28394","org","D:/GitRepos/2022SourceMeter-CasadoCristianDavid/junit5-r5.8.1/junit-platform-commons/src/main/java/org","L28393"
"L28403","org","D:/GitRepos/2022SourceMeter-CasadoCristianDavid/junit5-r5.8.1/junit-platform-commons/src/main/java9/org","L28402"
"L33180","org","D:/GitRepos/2022SourceMeter-CasadoCristianDavid/junit5-r5.8.1/junit-platform-commons/src/testFixtures/java/org","L33179"
"L33231","org","D:/GitRepos/2022SourceMeter-CasadoCristianDavid/junit5-r5.8.1/junit-platform-console/src/main/java9/org","L33230"
"L33237","org","D:/GitRepos/2022SourceMeter-CasadoCristianDavid/junit5-r5.8.1/junit-platform-console/src/main/java/org","L33236"
"L35472","org","D:/GitRepos/2022SourceMeter-CasadoCristianDavid/junit5-r5.8.1/junit-platform-engine/src/main/java/org","L35471"
"L38157","org","D:/GitRepos/2022SourceMeter-CasadoCristianDavid/junit5-r5.8.1/junit-platform-engine/src/testFixtures/java/org","L38156"
"L40535","org","D:/GitRepos/2022SourceMeter-CasadoCristianDavid/junit5-r5.8.1/junit-platform-jfr/src/main/java/org","L40534"
"L40732","org","D:/GitRepos/2022SourceMeter-CasadoCristianDavid/junit5-r5.8.1/junit-platform-launcher/src/main/java/org","L40731"
"L40792","org","D:/GitRepos/2022SourceMeter-CasadoCristianDavid/junit5-r5.8.1/junit-platform-launcher/src/testFixtures/java/org","L40791"
"L45060","org","D:/GitRepos/2022SourceMeter-CasadoCristianDavid/junit5-r5.8.1/junit-platform-reporting/src/main/java/org","L45059"
"L45771","org","D:/GitRepos/2022SourceMeter-CasadoCristianDavid/junit5-r5.8.1/junit-platform-runner/src/main/java/org","L45770"
"L46249","org","D:/GitRepos/2022SourceMeter-CasadoCristianDavid/junit5-r5.8.1/junit-platform-suite-api/src/main/java/org","L46248"
"L46375","org","D:/GitRepos/2022SourceMeter-CasadoCristianDavid/junit5-r5.8.1/junit-platform-suite-commons/src/main/java/org","L46374"
"L46724","org","D:/GitRepos/2022SourceMeter-CasadoCristianDavid/junit5-r5.8.1/junit-platform-suite-engine/src/main/java/org","L46723"
"L47100","org","D:/GitRepos/2022SourceMeter-CasadoCristianDavid/junit5-r5.8.1/junit-platform-testkit/src/main/java/org","L47099"
"L48081","org","D:/GitRepos/2022SourceMeter-CasadoCristianDavid/junit5-r5.8.1/junit-vintage-engine/src/main/java/org","L48080"
"L48090","org","D:/GitRepos/2022SourceMeter-CasadoCristianDavid/junit5-r5.8.1/junit-vintage-engine/src/test/java/org","L48089"
"L49844","org","D:/GitRepos/2022SourceMeter-CasadoCristianDavid/junit5-r5.8.1/junit-vintage-engine/src/testFixtures/java/org","L49843"
"L50259","test","D:/GitRepos/2022SourceMeter-CasadoCristianDavid/junit5-r5.8.1/platform-tooling-support-tests/projects/gradle-missing-engine/src/test","L50258"
"L50264","test","D:/GitRepos/2022SourceMeter-CasadoCristianDavid/junit5-r5.8.1/platform-tooling-support-tests/projects/java-versions/src/test","L50263"
"L50344","main","D:/GitRepos/2022SourceMeter-CasadoCristianDavid/junit5-r5.8.1/platform-tooling-support-tests/projects/ant-starter/src/main","L50343"
"L50350","test","D:/GitRepos/2022SourceMeter-CasadoCristianDavid/junit5-r5.8.1/platform-tooling-support-tests/projects/ant-starter/src/test","L50343"
"L50358","main","D:/GitRepos/2022SourceMeter-CasadoCristianDavid/junit5-r5.8.1/platform-tooling-support-tests/projects/gradle-starter/src/main","L50357"
"L50364","test","D:/GitRepos/2022SourceMeter-CasadoCristianDavid/junit5-r5.8.1/platform-tooling-support-tests/projects/gradle-starter/src/test","L50357"
"L50372","main","D:/GitRepos/2022SourceMeter-CasadoCristianDavid/junit5-r5.8.1/platform-tooling-support-tests/projects/maven-starter/src/main","L50371"
"L50378","test","D:/GitRepos/2022SourceMeter-CasadoCristianDavid/junit5-r5.8.1/platform-tooling-support-tests/projects/maven-starter/src/test","L50371"
"L50430","test","D:/GitRepos/2022SourceMeter-CasadoCristianDavid/junit5-r5.8.1/platform-tooling-support-tests/projects/vintage/src/test","L50429"
"L50443","src","D:/GitRepos/2022SourceMeter-CasadoCristianDavid/junit5-r5.8.1/platform-tooling-support-tests/projects/multi-release-jar/default/src","L50442"
"L50483","standalone","D:/GitRepos/2022SourceMeter-CasadoCristianDavid/junit5-r5.8.1/platform-tooling-support-tests/projects/standalone/src/standalone","L50482"
"L50508","platform","D:/GitRepos/2022SourceMeter-CasadoCristianDavid/junit5-r5.8.1/platform-tooling-support-tests/src/main/java/platform","L50507"
"L50518","platform","D:/GitRepos/2022SourceMeter-CasadoCristianDavid/junit5-r5.8.1/platform-tooling-support-tests/src/test/java/platform","L50517"
"L242","registration","D:/GitRepos/2022SourceMeter-CasadoCristianDavid/junit5-r5.8.1/documentation/src/test/java/example/registration","L113"
"L494","callbacks","D:/GitRepos/2022SourceMeter-CasadoCristianDavid/junit5-r5.8.1/documentation/src/test/java/example/callbacks","L113"
"L746","defaultmethods","D:/GitRepos/2022SourceMeter-CasadoCristianDavid/junit5-r5.8.1/documentation/src/test/java/example/defaultmethods","L113"
"L1091","exception","D:/GitRepos/2022SourceMeter-CasadoCristianDavid/junit5-r5.8.1/documentation/src/test/java/example/exception","L113"
"L1175","extensions","D:/GitRepos/2022SourceMeter-CasadoCristianDavid/junit5-r5.8.1/documentation/src/test/java/example/extensions","L113"
"L1253","interceptor","D:/GitRepos/2022SourceMeter-CasadoCristianDavid/junit5-r5.8.1/documentation/src/test/java/example/interceptor","L113"
"L1730","session","D:/GitRepos/2022SourceMeter-CasadoCristianDavid/junit5-r5.8.1/documentation/src/test/java/example/session","L113"
"L2001","testinterface","D:/GitRepos/2022SourceMeter-CasadoCristianDavid/junit5-r5.8.1/documentation/src/test/java/example/testinterface","L113"
"L2048","testkit","D:/GitRepos/2022SourceMeter-CasadoCristianDavid/junit5-r5.8.1/documentation/src/test/java/example/testkit","L113"
"L2242","timing","D:/GitRepos/2022SourceMeter-CasadoCristianDavid/junit5-r5.8.1/documentation/src/test/java/example/timing","L113"
"L2456","junit","D:/GitRepos/2022SourceMeter-CasadoCristianDavid/junit5-r5.8.1/documentation/src/test/java/org/junit","L2455"
"L162","domain","D:/GitRepos/2022SourceMeter-CasadoCristianDavid/junit5-r5.8.1/documentation/src/main/java/example/domain","L161"
"L237","registration","D:/GitRepos/2022SourceMeter-CasadoCristianDavid/junit5-r5.8.1/documentation/src/main/java/example/registration","L161"
"L341","util","D:/GitRepos/2022SourceMeter-CasadoCristianDavid/junit5-r5.8.1/documentation/src/main/java/example/util","L161"
"L2457","api","D:/GitRepos/2022SourceMeter-CasadoCristianDavid/junit5-r5.8.1/documentation/src/test/java/org/junit/api","L2456"
"L2458","tools","D:/GitRepos/2022SourceMeter-CasadoCristianDavid/junit5-r5.8.1/documentation/src/test/java/org/junit/api/tools","L2457"
"L2757","junit","D:/GitRepos/2022SourceMeter-CasadoCristianDavid/junit5-r5.8.1/junit-jupiter-engine/src/test/java/org/junit","L2756"
"L11091","junit","D:/GitRepos/2022SourceMeter-CasadoCristianDavid/junit5-r5.8.1/junit-jupiter-engine/src/main/java/org/junit","L11090"
"L2758","jupiter","D:/GitRepos/2022SourceMeter-CasadoCristianDavid/junit5-r5.8.1/junit-jupiter-engine/src/test/java/org/junit/jupiter","L2757"
"L11092","jupiter","D:/GitRepos/2022SourceMeter-CasadoCristianDavid/junit5-r5.8.1/junit-jupiter-engine/src/main/java/org/junit/jupiter","L11091"
"L2824","api","D:/GitRepos/2022SourceMeter-CasadoCristianDavid/junit5-r5.8.1/junit-jupiter-engine/src/test/java/org/junit/jupiter/api","L2758"
"L11097","engine","D:/GitRepos/2022SourceMeter-CasadoCristianDavid/junit5-r5.8.1/junit-jupiter-engine/src/test/java/org/junit/jupiter/engine","L2758"
"L6043","condition","D:/GitRepos/2022SourceMeter-CasadoCristianDavid/junit5-r5.8.1/junit-jupiter-engine/src/test/java/org/junit/jupiter/api/condition","L2824"
"L7765","extension","D:/GitRepos/2022SourceMeter-CasadoCristianDavid/junit5-r5.8.1/junit-jupiter-engine/src/test/java/org/junit/jupiter/api/extension","L2824"
"L11067","subpackage","D:/GitRepos/2022SourceMeter-CasadoCristianDavid/junit5-r5.8.1/junit-jupiter-engine/src/test/java/org/junit/jupiter/api/subpackage","L2824"
"L11132","config","D:/GitRepos/2022SourceMeter-CasadoCristianDavid/junit5-r5.8.1/junit-jupiter-engine/src/test/java/org/junit/jupiter/engine/config","L11097"
"L11631","descriptor","D:/GitRepos/2022SourceMeter-CasadoCristianDavid/junit5-r5.8.1/junit-jupiter-engine/src/test/java/org/junit/jupiter/engine/descriptor","L11097"
"L13940","discovery","D:/GitRepos/2022SourceMeter-CasadoCristianDavid/junit5-r5.8.1/junit-jupiter-engine/src/test/java/org/junit/jupiter/engine/discovery","L11097"
"L15404","execution","D:/GitRepos/2022SourceMeter-CasadoCristianDavid/junit5-r5.8.1/junit-jupiter-engine/src/test/java/org/junit/jupiter/engine/execution","L11097"
"L16725","extension","D:/GitRepos/2022SourceMeter-CasadoCristianDavid/junit5-r5.8.1/junit-jupiter-engine/src/test/java/org/junit/jupiter/engine/extension","L11097"
"L22234","support","D:/GitRepos/2022SourceMeter-CasadoCristianDavid/junit5-r5.8.1/junit-jupiter-engine/src/test/java/org/junit/jupiter/engine/support","L11097"
"L22379","bridge","D:/GitRepos/2022SourceMeter-CasadoCristianDavid/junit5-r5.8.1/junit-jupiter-engine/src/test/java/org/junit/jupiter/engine/bridge","L11097"
"L8227","support","D:/GitRepos/2022SourceMeter-CasadoCristianDavid/junit5-r5.8.1/junit-jupiter-engine/src/test/java/org/junit/jupiter/api/extension/support","L7765"
"L13743","subpackage","D:/GitRepos/2022SourceMeter-CasadoCristianDavid/junit5-r5.8.1/junit-jupiter-engine/src/test/java/org/junit/jupiter/engine/descriptor/subpackage","L11631"
"L14712","predicates","D:/GitRepos/2022SourceMeter-CasadoCristianDavid/junit5-r5.8.1/junit-jupiter-engine/src/test/java/org/junit/jupiter/engine/discovery/predicates","L13940"
"L16514","injection","D:/GitRepos/2022SourceMeter-CasadoCristianDavid/junit5-r5.8.1/junit-jupiter-engine/src/test/java/org/junit/jupiter/engine/execution/injection","L15404"
"L20142","sub","D:/GitRepos/2022SourceMeter-CasadoCristianDavid/junit5-r5.8.1/junit-jupiter-engine/src/test/java/org/junit/jupiter/engine/extension/sub","L16725"
"L16515","sample","D:/GitRepos/2022SourceMeter-CasadoCristianDavid/junit5-r5.8.1/junit-jupiter-engine/src/test/java/org/junit/jupiter/engine/execution/injection/sample","L16514"
"L11093","engine","D:/GitRepos/2022SourceMeter-CasadoCristianDavid/junit5-r5.8.1/junit-jupiter-engine/src/main/java/org/junit/jupiter/engine","L11092"
"L11125","config","D:/GitRepos/2022SourceMeter-CasadoCristianDavid/junit5-r5.8.1/junit-jupiter-engine/src/main/java/org/junit/jupiter/engine/config","L11093"
"L11601","descriptor","D:/GitRepos/2022SourceMeter-CasadoCristianDavid/junit5-r5.8.1/junit-jupiter-engine/src/main/java/org/junit/jupiter/engine/descriptor","L11093"
"L13926","discovery","D:/GitRepos/2022SourceMeter-CasadoCristianDavid/junit5-r5.8.1/junit-jupiter-engine/src/main/java/org/junit/jupiter/engine/discovery","L11093"
"L15388","execution","D:/GitRepos/2022SourceMeter-CasadoCristianDavid/junit5-r5.8.1/junit-jupiter-engine/src/main/java/org/junit/jupiter/engine/execution","L11093"
"L16707","extension","D:/GitRepos/2022SourceMeter-CasadoCristianDavid/junit5-r5.8.1/junit-jupiter-engine/src/main/java/org/junit/jupiter/engine/extension","L11093"
"L22230","support","D:/GitRepos/2022SourceMeter-CasadoCristianDavid/junit5-r5.8.1/junit-jupiter-engine/src/main/java/org/junit/jupiter/engine/support","L11093"
"L14702","predicates","D:/GitRepos/2022SourceMeter-CasadoCristianDavid/junit5-r5.8.1/junit-jupiter-engine/src/main/java/org/junit/jupiter/engine/discovery/predicates","L13926"
"L2766","junit","D:/GitRepos/2022SourceMeter-CasadoCristianDavid/junit5-r5.8.1/junit-jupiter-api/src/main/java/org/junit","L2765"
"L7760","junit","D:/GitRepos/2022SourceMeter-CasadoCristianDavid/junit5-r5.8.1/junit-jupiter-api/src/testFixtures/java/org/junit","L7759"
"L2767","jupiter","D:/GitRepos/2022SourceMeter-CasadoCristianDavid/junit5-r5.8.1/junit-jupiter-api/src/main/java/org/junit/jupiter","L2766"
"L7761","jupiter","D:/GitRepos/2022SourceMeter-CasadoCristianDavid/junit5-r5.8.1/junit-jupiter-api/src/testFixtures/java/org/junit/jupiter","L7760"
"L2768","api","D:/GitRepos/2022SourceMeter-CasadoCristianDavid/junit5-r5.8.1/junit-jupiter-api/src/main/java/org/junit/jupiter/api","L2767"
"L6008","condition","D:/GitRepos/2022SourceMeter-CasadoCristianDavid/junit5-r5.8.1/junit-jupiter-api/src/main/java/org/junit/jupiter/api/condition","L2768"
"L7723","extension","D:/GitRepos/2022SourceMeter-CasadoCristianDavid/junit5-r5.8.1/junit-jupiter-api/src/main/java/org/junit/jupiter/api/extension","L2768"
"L8686","function","D:/GitRepos/2022SourceMeter-CasadoCristianDavid/junit5-r5.8.1/junit-jupiter-api/src/main/java/org/junit/jupiter/api/function","L2768"
"L8707","io","D:/GitRepos/2022SourceMeter-CasadoCristianDavid/junit5-r5.8.1/junit-jupiter-api/src/main/java/org/junit/jupiter/api/io","L2768"
"L8861","parallel","D:/GitRepos/2022SourceMeter-CasadoCristianDavid/junit5-r5.8.1/junit-jupiter-api/src/main/java/org/junit/jupiter/api/parallel","L2768"
"L8224","support","D:/GitRepos/2022SourceMeter-CasadoCristianDavid/junit5-r5.8.1/junit-jupiter-api/src/main/java/org/junit/jupiter/api/extension/support","L7723"
"L7762","api","D:/GitRepos/2022SourceMeter-CasadoCristianDavid/junit5-r5.8.1/junit-jupiter-api/src/testFixtures/java/org/junit/jupiter/api","L7761"
"L7763","extension","D:/GitRepos/2022SourceMeter-CasadoCristianDavid/junit5-r5.8.1/junit-jupiter-api/src/testFixtures/java/org/junit/jupiter/api/extension","L7762"
"L9017","fixtures","D:/GitRepos/2022SourceMeter-CasadoCristianDavid/junit5-r5.8.1/junit-jupiter-api/src/testFixtures/java/org/junit/jupiter/api/fixtures","L7762"
"L6076","junit","D:/GitRepos/2022SourceMeter-CasadoCristianDavid/junit5-r5.8.1/platform-tests/src/test/java/org/junit","L6075"
"L50251","foo.bar","D:/GitRepos/2022SourceMeter-CasadoCristianDavid/junit5-r5.8.1/platform-tests/src/test/resources/modules-2500/foo.bar","L50250"
"L50253","foo","D:/GitRepos/2022SourceMeter-CasadoCristianDavid/junit5-r5.8.1/platform-tests/src/test/resources/modules-2500/foo","L50250"
"L28293","junit","D:/GitRepos/2022SourceMeter-CasadoCristianDavid/junit5-r5.8.1/platform-tests/src/jmh/java/org/junit","L28292"
"L6077","jupiter","D:/GitRepos/2022SourceMeter-CasadoCristianDavid/junit5-r5.8.1/platform-tests/src/test/java/org/junit/jupiter","L6076"
"L28385","platform","D:/GitRepos/2022SourceMeter-CasadoCristianDavid/junit5-r5.8.1/platform-tests/src/test/java/org/junit/platform","L6076"
"L28294","jupiter","D:/GitRepos/2022SourceMeter-CasadoCristianDavid/junit5-r5.8.1/platform-tests/src/jmh/java/org/junit/jupiter","L28293"
"L6078","api","D:/GitRepos/2022SourceMeter-CasadoCristianDavid/junit5-r5.8.1/platform-tests/src/test/java/org/junit/jupiter/api","L6077"
"L28312","extensions","D:/GitRepos/2022SourceMeter-CasadoCristianDavid/junit5-r5.8.1/platform-tests/src/test/java/org/junit/jupiter/extensions","L6077"
"L28433","commons","D:/GitRepos/2022SourceMeter-CasadoCristianDavid/junit5-r5.8.1/platform-tests/src/test/java/org/junit/platform/commons","L28385"
"L33244","console","D:/GitRepos/2022SourceMeter-CasadoCristianDavid/junit5-r5.8.1/platform-tests/src/test/java/org/junit/platform/console","L28385"
"L35495","engine","D:/GitRepos/2022SourceMeter-CasadoCristianDavid/junit5-r5.8.1/platform-tests/src/test/java/org/junit/platform/engine","L28385"
"L40543","jfr","D:/GitRepos/2022SourceMeter-CasadoCristianDavid/junit5-r5.8.1/platform-tests/src/test/java/org/junit/platform/jfr","L28385"
"L40750","launcher","D:/GitRepos/2022SourceMeter-CasadoCristianDavid/junit5-r5.8.1/platform-tests/src/test/java/org/junit/platform/launcher","L28385"
"L45069","reporting","D:/GitRepos/2022SourceMeter-CasadoCristianDavid/junit5-r5.8.1/platform-tests/src/test/java/org/junit/platform/reporting","L28385"
"L45779","runner","D:/GitRepos/2022SourceMeter-CasadoCristianDavid/junit5-r5.8.1/platform-tests/src/test/java/org/junit/platform/runner","L28385"
"L46383","suite","D:/GitRepos/2022SourceMeter-CasadoCristianDavid/junit5-r5.8.1/platform-tests/src/test/java/org/junit/platform/suite","L28385"
"L47121","testkit","D:/GitRepos/2022SourceMeter-CasadoCristianDavid/junit5-r5.8.1/platform-tests/src/test/java/org/junit/platform/testkit","L28385"
"L6079","condition","D:/GitRepos/2022SourceMeter-CasadoCristianDavid/junit5-r5.8.1/platform-tests/src/test/java/org/junit/jupiter/api/condition","L6078"
"L28434","util","D:/GitRepos/2022SourceMeter-CasadoCristianDavid/junit5-r5.8.1/platform-tests/src/test/java/org/junit/platform/commons/util","L28433"
"L32083","annotation","D:/GitRepos/2022SourceMeter-CasadoCristianDavid/junit5-r5.8.1/platform-tests/src/test/java/org/junit/platform/commons/annotation","L28433"
"L32102","function","D:/GitRepos/2022SourceMeter-CasadoCristianDavid/junit5-r5.8.1/platform-tests/src/test/java/org/junit/platform/commons/function","L28433"
"L32545","support","D:/GitRepos/2022SourceMeter-CasadoCristianDavid/junit5-r5.8.1/platform-tests/src/test/java/org/junit/platform/commons/support","L28433"
"L33391","options","D:/GitRepos/2022SourceMeter-CasadoCristianDavid/junit5-r5.8.1/platform-tests/src/test/java/org/junit/platform/console/options","L33244"
"L34159","tasks","D:/GitRepos/2022SourceMeter-CasadoCristianDavid/junit5-r5.8.1/platform-tests/src/test/java/org/junit/platform/console/tasks","L33244"
"L35386","subpackage","D:/GitRepos/2022SourceMeter-CasadoCristianDavid/junit5-r5.8.1/platform-tests/src/test/java/org/junit/platform/console/subpackage","L33244"
"L35594","discovery","D:/GitRepos/2022SourceMeter-CasadoCristianDavid/junit5-r5.8.1/platform-tests/src/test/java/org/junit/platform/engine/discovery","L35495"
"L36825","support","D:/GitRepos/2022SourceMeter-CasadoCristianDavid/junit5-r5.8.1/platform-tests/src/test/java/org/junit/platform/engine/support","L35495"
"L40799","core","D:/GitRepos/2022SourceMeter-CasadoCristianDavid/junit5-r5.8.1/platform-tests/src/test/java/org/junit/platform/launcher/core","L40750"
"L43088","listeners","D:/GitRepos/2022SourceMeter-CasadoCristianDavid/junit5-r5.8.1/platform-tests/src/test/java/org/junit/platform/launcher/listeners","L40750"
"L43974","tagexpression","D:/GitRepos/2022SourceMeter-CasadoCristianDavid/junit5-r5.8.1/platform-tests/src/test/java/org/junit/platform/launcher/tagexpression","L40750"
"L45070","legacy","D:/GitRepos/2022SourceMeter-CasadoCristianDavid/junit5-r5.8.1/platform-tests/src/test/java/org/junit/platform/reporting/legacy","L45069"
"L46384","commons","D:/GitRepos/2022SourceMeter-CasadoCristianDavid/junit5-r5.8.1/platform-tests/src/test/java/org/junit/platform/suite/commons","L46383"
"L46738","engine","D:/GitRepos/2022SourceMeter-CasadoCristianDavid/junit5-r5.8.1/platform-tests/src/test/java/org/junit/platform/suite/engine","L46383"
"L47122","engine","D:/GitRepos/2022SourceMeter-CasadoCristianDavid/junit5-r5.8.1/platform-tests/src/test/java/org/junit/platform/testkit/engine","L47121"
"L30536","classes","D:/GitRepos/2022SourceMeter-CasadoCristianDavid/junit5-r5.8.1/platform-tests/src/test/java/org/junit/platform/commons/util/classes","L28434"
"L36826","config","D:/GitRepos/2022SourceMeter-CasadoCristianDavid/junit5-r5.8.1/platform-tests/src/test/java/org/junit/platform/engine/support/config","L36825"
"L36885","descriptor","D:/GitRepos/2022SourceMeter-CasadoCristianDavid/junit5-r5.8.1/platform-tests/src/test/java/org/junit/platform/engine/support/descriptor","L36825"
"L38168","hierarchical","D:/GitRepos/2022SourceMeter-CasadoCristianDavid/junit5-r5.8.1/platform-tests/src/test/java/org/junit/platform/engine/support/hierarchical","L36825"
"L43102","discovery","D:/GitRepos/2022SourceMeter-CasadoCristianDavid/junit5-r5.8.1/platform-tests/src/test/java/org/junit/platform/launcher/listeners/discovery","L43088"
"L45086","xml","D:/GitRepos/2022SourceMeter-CasadoCristianDavid/junit5-r5.8.1/platform-tests/src/test/java/org/junit/platform/reporting/legacy/xml","L45070"
"L47045","testcases","D:/GitRepos/2022SourceMeter-CasadoCristianDavid/junit5-r5.8.1/platform-tests/src/test/java/org/junit/platform/suite/engine/testcases","L46738"
"L47066","testsuites","D:/GitRepos/2022SourceMeter-CasadoCristianDavid/junit5-r5.8.1/platform-tests/src/test/java/org/junit/platform/suite/engine/testsuites","L46738"
"L28295","jmh","D:/GitRepos/2022SourceMeter-CasadoCristianDavid/junit5-r5.8.1/platform-tests/src/jmh/java/org/junit/jupiter/jmh","L28294"
"L24063","junit","D:/GitRepos/2022SourceMeter-CasadoCristianDavid/junit5-r5.8.1/junit-jupiter-migrationsupport/src/main/java/org/junit","L24062"
"L24071","junit","D:/GitRepos/2022SourceMeter-CasadoCristianDavid/junit5-r5.8.1/junit-jupiter-migrationsupport/src/test/java/org/junit","L24070"
"L24064","jupiter","D:/GitRepos/2022SourceMeter-CasadoCristianDavid/junit5-r5.8.1/junit-jupiter-migrationsupport/src/main/java/org/junit/jupiter","L24063"
"L24072","jupiter","D:/GitRepos/2022SourceMeter-CasadoCristianDavid/junit5-r5.8.1/junit-jupiter-migrationsupport/src/test/java/org/junit/jupiter","L24071"
"L24065","migrationsupport","D:/GitRepos/2022SourceMeter-CasadoCristianDavid/junit5-r5.8.1/junit-jupiter-migrationsupport/src/main/java/org/junit/jupiter/migrationsupport","L24064"
"L24076","conditions","D:/GitRepos/2022SourceMeter-CasadoCristianDavid/junit5-r5.8.1/junit-jupiter-migrationsupport/src/main/java/org/junit/jupiter/migrationsupport/conditions","L24065"
"L24158","rules","D:/GitRepos/2022SourceMeter-CasadoCristianDavid/junit5-r5.8.1/junit-jupiter-migrationsupport/src/main/java/org/junit/jupiter/migrationsupport/rules","L24065"
"L24182","adapter","D:/GitRepos/2022SourceMeter-CasadoCristianDavid/junit5-r5.8.1/junit-jupiter-migrationsupport/src/main/java/org/junit/jupiter/migrationsupport/rules/adapter","L24158"
"L24299","member","D:/GitRepos/2022SourceMeter-CasadoCristianDavid/junit5-r5.8.1/junit-jupiter-migrationsupport/src/main/java/org/junit/jupiter/migrationsupport/rules/member","L24158"
"L24073","migrationsupport","D:/GitRepos/2022SourceMeter-CasadoCristianDavid/junit5-r5.8.1/junit-jupiter-migrationsupport/src/test/java/org/junit/jupiter/migrationsupport","L24072"
"L24079","conditions","D:/GitRepos/2022SourceMeter-CasadoCristianDavid/junit5-r5.8.1/junit-jupiter-migrationsupport/src/test/java/org/junit/jupiter/migrationsupport/conditions","L24073"
"L24165","rules","D:/GitRepos/2022SourceMeter-CasadoCristianDavid/junit5-r5.8.1/junit-jupiter-migrationsupport/src/test/java/org/junit/jupiter/migrationsupport/rules","L24073"
"L24711","junit","D:/GitRepos/2022SourceMeter-CasadoCristianDavid/junit5-r5.8.1/junit-jupiter-params/src/main/java/org/junit","L24710"
"L24724","junit","D:/GitRepos/2022SourceMeter-CasadoCristianDavid/junit5-r5.8.1/junit-jupiter-params/src/test/java/org/junit","L24723"
"L24712","jupiter","D:/GitRepos/2022SourceMeter-CasadoCristianDavid/junit5-r5.8.1/junit-jupiter-params/src/main/java/org/junit/jupiter","L24711"
"L24725","jupiter","D:/GitRepos/2022SourceMeter-CasadoCristianDavid/junit5-r5.8.1/junit-jupiter-params/src/test/java/org/junit/jupiter","L24724"
"L24713","params","D:/GitRepos/2022SourceMeter-CasadoCristianDavid/junit5-r5.8.1/junit-jupiter-params/src/main/java/org/junit/jupiter/params","L24712"
"L24733","aggregator","D:/GitRepos/2022SourceMeter-CasadoCristianDavid/junit5-r5.8.1/junit-jupiter-params/src/main/java/org/junit/jupiter/params/aggregator","L24713"
"L25137","converter","D:/GitRepos/2022SourceMeter-CasadoCristianDavid/junit5-r5.8.1/junit-jupiter-params/src/main/java/org/junit/jupiter/params/converter","L24713"
"L26294","provider","D:/GitRepos/2022SourceMeter-CasadoCristianDavid/junit5-r5.8.1/junit-jupiter-params/src/main/java/org/junit/jupiter/params/provider","L24713"
"L27536","support","D:/GitRepos/2022SourceMeter-CasadoCristianDavid/junit5-r5.8.1/junit-jupiter-params/src/main/java/org/junit/jupiter/params/support","L24713"
"L24726","params","D:/GitRepos/2022SourceMeter-CasadoCristianDavid/junit5-r5.8.1/junit-jupiter-params/src/test/java/org/junit/jupiter/params","L24725"
"L24741","aggregator","D:/GitRepos/2022SourceMeter-CasadoCristianDavid/junit5-r5.8.1/junit-jupiter-params/src/test/java/org/junit/jupiter/params/aggregator","L24726"
"L25148","converter","D:/GitRepos/2022SourceMeter-CasadoCristianDavid/junit5-r5.8.1/junit-jupiter-params/src/test/java/org/junit/jupiter/params/converter","L24726"
"L26318","provider","D:/GitRepos/2022SourceMeter-CasadoCristianDavid/junit5-r5.8.1/junit-jupiter-params/src/test/java/org/junit/jupiter/params/provider","L24726"
"L28395","junit","D:/GitRepos/2022SourceMeter-CasadoCristianDavid/junit5-r5.8.1/junit-platform-commons/src/main/java/org/junit","L28394"
"L28404","junit","D:/GitRepos/2022SourceMeter-CasadoCristianDavid/junit5-r5.8.1/junit-platform-commons/src/main/java9/org/junit","L28403"
"L33181","junit","D:/GitRepos/2022SourceMeter-CasadoCristianDavid/junit5-r5.8.1/junit-platform-commons/src/testFixtures/java/org/junit","L33180"
"L28396","platform","D:/GitRepos/2022SourceMeter-CasadoCristianDavid/junit5-r5.8.1/junit-platform-commons/src/main/java/org/junit/platform","L28395"
"L28405","platform","D:/GitRepos/2022SourceMeter-CasadoCristianDavid/junit5-r5.8.1/junit-platform-commons/src/main/java9/org/junit/platform","L28404"
"L33182","platform","D:/GitRepos/2022SourceMeter-CasadoCristianDavid/junit5-r5.8.1/junit-platform-commons/src/testFixtures/java/org/junit/platform","L33181"
"L28397","commons","D:/GitRepos/2022SourceMeter-CasadoCristianDavid/junit5-r5.8.1/junit-platform-commons/src/main/java/org/junit/platform/commons","L28396"
"L28406","commons","D:/GitRepos/2022SourceMeter-CasadoCristianDavid/junit5-r5.8.1/junit-platform-commons/src/main/java9/org/junit/platform/commons","L28405"
"L28409","util","D:/GitRepos/2022SourceMeter-CasadoCristianDavid/junit5-r5.8.1/junit-platform-commons/src/main/java/org/junit/platform/commons/util","L28397"
"L32080","annotation","D:/GitRepos/2022SourceMeter-CasadoCristianDavid/junit5-r5.8.1/junit-platform-commons/src/main/java/org/junit/platform/commons/annotation","L28397"
"L32099","function","D:/GitRepos/2022SourceMeter-CasadoCristianDavid/junit5-r5.8.1/junit-platform-commons/src/main/java/org/junit/platform/commons/function","L28397"
"L32374","logging","D:/GitRepos/2022SourceMeter-CasadoCristianDavid/junit5-r5.8.1/junit-platform-commons/src/main/java/org/junit/platform/commons/logging","L28397"
"L32537","support","D:/GitRepos/2022SourceMeter-CasadoCristianDavid/junit5-r5.8.1/junit-platform-commons/src/main/java/org/junit/platform/commons/support","L28397"
"L28407","util","D:/GitRepos/2022SourceMeter-CasadoCristianDavid/junit5-r5.8.1/junit-platform-commons/src/main/java9/org/junit/platform/commons/util","L28406"
"L33183","commons","D:/GitRepos/2022SourceMeter-CasadoCristianDavid/junit5-r5.8.1/junit-platform-commons/src/testFixtures/java/org/junit/platform/commons","L33182"
"L33184","test","D:/GitRepos/2022SourceMeter-CasadoCristianDavid/junit5-r5.8.1/junit-platform-commons/src/testFixtures/java/org/junit/platform/commons/test","L33183"
"L33232","junit","D:/GitRepos/2022SourceMeter-CasadoCristianDavid/junit5-r5.8.1/junit-platform-console/src/main/java9/org/junit","L33231"
"L33238","junit","D:/GitRepos/2022SourceMeter-CasadoCristianDavid/junit5-r5.8.1/junit-platform-console/src/main/java/org/junit","L33237"
"L33233","platform","D:/GitRepos/2022SourceMeter-CasadoCristianDavid/junit5-r5.8.1/junit-platform-console/src/main/java9/org/junit/platform","L33232"
"L33239","platform","D:/GitRepos/2022SourceMeter-CasadoCristianDavid/junit5-r5.8.1/junit-platform-console/src/main/java/org/junit/platform","L33238"
"L33234","console","D:/GitRepos/2022SourceMeter-CasadoCristianDavid/junit5-r5.8.1/junit-platform-console/src/main/java9/org/junit/platform/console","L33233"
"L33240","console","D:/GitRepos/2022SourceMeter-CasadoCristianDavid/junit5-r5.8.1/junit-platform-console/src/main/java/org/junit/platform/console","L33239"
"L33383","options","D:/GitRepos/2022SourceMeter-CasadoCristianDavid/junit5-r5.8.1/junit-platform-console/src/main/java/org/junit/platform/console/options","L33240"
"L34148","tasks","D:/GitRepos/2022SourceMeter-CasadoCristianDavid/junit5-r5.8.1/junit-platform-console/src/main/java/org/junit/platform/console/tasks","L33240"
"L35473","junit","D:/GitRepos/2022SourceMeter-CasadoCristianDavid/junit5-r5.8.1/junit-platform-engine/src/main/java/org/junit","L35472"
"L38158","junit","D:/GitRepos/2022SourceMeter-CasadoCristianDavid/junit5-r5.8.1/junit-platform-engine/src/testFixtures/java/org/junit","L38157"
"L35474","platform","D:/GitRepos/2022SourceMeter-CasadoCristianDavid/junit5-r5.8.1/junit-platform-engine/src/main/java/org/junit/platform","L35473"
"L38159","platform","D:/GitRepos/2022SourceMeter-CasadoCristianDavid/junit5-r5.8.1/junit-platform-engine/src/testFixtures/java/org/junit/platform","L38158"
"L35475","engine","D:/GitRepos/2022SourceMeter-CasadoCristianDavid/junit5-r5.8.1/junit-platform-engine/src/main/java/org/junit/platform/engine","L35474"
"L35571","discovery","D:/GitRepos/2022SourceMeter-CasadoCristianDavid/junit5-r5.8.1/junit-platform-engine/src/main/java/org/junit/platform/engine/discovery","L35475"
"L36756","reporting","D:/GitRepos/2022SourceMeter-CasadoCristianDavid/junit5-r5.8.1/junit-platform-engine/src/main/java/org/junit/platform/engine/reporting","L35475"
"L36821","support","D:/GitRepos/2022SourceMeter-CasadoCristianDavid/junit5-r5.8.1/junit-platform-engine/src/main/java/org/junit/platform/engine/support","L35475"
"L36822","config","D:/GitRepos/2022SourceMeter-CasadoCristianDavid/junit5-r5.8.1/junit-platform-engine/src/main/java/org/junit/platform/engine/support/config","L36821"
"L36869","descriptor","D:/GitRepos/2022SourceMeter-CasadoCristianDavid/junit5-r5.8.1/junit-platform-engine/src/main/java/org/junit/platform/engine/support/descriptor","L36821"
"L37638","discovery","D:/GitRepos/2022SourceMeter-CasadoCristianDavid/junit5-r5.8.1/junit-platform-engine/src/main/java/org/junit/platform/engine/support/discovery","L36821"
"L38113","filter","D:/GitRepos/2022SourceMeter-CasadoCristianDavid/junit5-r5.8.1/junit-platform-engine/src/main/java/org/junit/platform/engine/support/filter","L36821"
"L38128","hierarchical","D:/GitRepos/2022SourceMeter-CasadoCristianDavid/junit5-r5.8.1/junit-platform-engine/src/main/java/org/junit/platform/engine/support/hierarchical","L36821"
"L38160","engine","D:/GitRepos/2022SourceMeter-CasadoCristianDavid/junit5-r5.8.1/junit-platform-engine/src/testFixtures/java/org/junit/platform/engine","L38159"
"L40490","fakes","D:/GitRepos/2022SourceMeter-CasadoCristianDavid/junit5-r5.8.1/junit-platform-engine/src/testFixtures/java/org/junit/platform/fakes","L38159"
"L38161","support","D:/GitRepos/2022SourceMeter-CasadoCristianDavid/junit5-r5.8.1/junit-platform-engine/src/testFixtures/java/org/junit/platform/engine/support","L38160"
"L38162","hierarchical","D:/GitRepos/2022SourceMeter-CasadoCristianDavid/junit5-r5.8.1/junit-platform-engine/src/testFixtures/java/org/junit/platform/engine/support/hierarchical","L38161"
"L40536","junit","D:/GitRepos/2022SourceMeter-CasadoCristianDavid/junit5-r5.8.1/junit-platform-jfr/src/main/java/org/junit","L40535"
"L40537","platform","D:/GitRepos/2022SourceMeter-CasadoCristianDavid/junit5-r5.8.1/junit-platform-jfr/src/main/java/org/junit/platform","L40536"
"L40538","jfr","D:/GitRepos/2022SourceMeter-CasadoCristianDavid/junit5-r5.8.1/junit-platform-jfr/src/main/java/org/junit/platform/jfr","L40537"
"L40733","junit","D:/GitRepos/2022SourceMeter-CasadoCristianDavid/junit5-r5.8.1/junit-platform-launcher/src/main/java/org/junit","L40732"
"L40793","junit","D:/GitRepos/2022SourceMeter-CasadoCristianDavid/junit5-r5.8.1/junit-platform-launcher/src/testFixtures/java/org/junit","L40792"
"L40734","platform","D:/GitRepos/2022SourceMeter-CasadoCristianDavid/junit5-r5.8.1/junit-platform-launcher/src/main/java/org/junit/platform","L40733"
"L40794","platform","D:/GitRepos/2022SourceMeter-CasadoCristianDavid/junit5-r5.8.1/junit-platform-launcher/src/testFixtures/java/org/junit/platform","L40793"
"L40735","launcher","D:/GitRepos/2022SourceMeter-CasadoCristianDavid/junit5-r5.8.1/junit-platform-launcher/src/main/java/org/junit/platform/launcher","L40734"
"L40762","core","D:/GitRepos/2022SourceMeter-CasadoCristianDavid/junit5-r5.8.1/junit-platform-launcher/src/main/java/org/junit/platform/launcher/core","L40735"
"L43080","listeners","D:/GitRepos/2022SourceMeter-CasadoCristianDavid/junit5-r5.8.1/junit-platform-launcher/src/main/java/org/junit/platform/launcher/listeners","L40735"
"L43958","tagexpression","D:/GitRepos/2022SourceMeter-CasadoCristianDavid/junit5-r5.8.1/junit-platform-launcher/src/main/java/org/junit/platform/launcher/tagexpression","L40735"
"L43096","discovery","D:/GitRepos/2022SourceMeter-CasadoCristianDavid/junit5-r5.8.1/junit-platform-launcher/src/main/java/org/junit/platform/launcher/listeners/discovery","L43080"
"L43534","session","D:/GitRepos/2022SourceMeter-CasadoCristianDavid/junit5-r5.8.1/junit-platform-launcher/src/main/java/org/junit/platform/launcher/listeners/session","L43080"
"L40795","launcher","D:/GitRepos/2022SourceMeter-CasadoCristianDavid/junit5-r5.8.1/junit-platform-launcher/src/testFixtures/java/org/junit/platform/launcher","L40794"
"L40796","core","D:/GitRepos/2022SourceMeter-CasadoCristianDavid/junit5-r5.8.1/junit-platform-launcher/src/testFixtures/java/org/junit/platform/launcher/core","L40795"
"L45061","junit","D:/GitRepos/2022SourceMeter-CasadoCristianDavid/junit5-r5.8.1/junit-platform-reporting/src/main/java/org/junit","L45060"
"L45062","platform","D:/GitRepos/2022SourceMeter-CasadoCristianDavid/junit5-r5.8.1/junit-platform-reporting/src/main/java/org/junit/platform","L45061"
"L45063","reporting","D:/GitRepos/2022SourceMeter-CasadoCristianDavid/junit5-r5.8.1/junit-platform-reporting/src/main/java/org/junit/platform/reporting","L45062"
"L45066","legacy","D:/GitRepos/2022SourceMeter-CasadoCristianDavid/junit5-r5.8.1/junit-platform-reporting/src/main/java/org/junit/platform/reporting/legacy","L45063"
"L45081","xml","D:/GitRepos/2022SourceMeter-CasadoCristianDavid/junit5-r5.8.1/junit-platform-reporting/src/main/java/org/junit/platform/reporting/legacy/xml","L45066"
"L45772","junit","D:/GitRepos/2022SourceMeter-CasadoCristianDavid/junit5-r5.8.1/junit-platform-runner/src/main/java/org/junit","L45771"
"L45773","platform","D:/GitRepos/2022SourceMeter-CasadoCristianDavid/junit5-r5.8.1/junit-platform-runner/src/main/java/org/junit/platform","L45772"
"L45774","runner","D:/GitRepos/2022SourceMeter-CasadoCristianDavid/junit5-r5.8.1/junit-platform-runner/src/main/java/org/junit/platform/runner","L45773"
"L46250","junit","D:/GitRepos/2022SourceMeter-CasadoCristianDavid/junit5-r5.8.1/junit-platform-suite-api/src/main/java/org/junit","L46249"
"L46251","platform","D:/GitRepos/2022SourceMeter-CasadoCristianDavid/junit5-r5.8.1/junit-platform-suite-api/src/main/java/org/junit/platform","L46250"
"L46252","suite","D:/GitRepos/2022SourceMeter-CasadoCristianDavid/junit5-r5.8.1/junit-platform-suite-api/src/main/java/org/junit/platform/suite","L46251"
"L46253","api","D:/GitRepos/2022SourceMeter-CasadoCristianDavid/junit5-r5.8.1/junit-platform-suite-api/src/main/java/org/junit/platform/suite/api","L46252"
"L46376","junit","D:/GitRepos/2022SourceMeter-CasadoCristianDavid/junit5-r5.8.1/junit-platform-suite-commons/src/main/java/org/junit","L46375"
"L46377","platform","D:/GitRepos/2022SourceMeter-CasadoCristianDavid/junit5-r5.8.1/junit-platform-suite-commons/src/main/java/org/junit/platform","L46376"
"L46378","suite","D:/GitRepos/2022SourceMeter-CasadoCristianDavid/junit5-r5.8.1/junit-platform-suite-commons/src/main/java/org/junit/platform/suite","L46377"
"L46379","commons","D:/GitRepos/2022SourceMeter-CasadoCristianDavid/junit5-r5.8.1/junit-platform-suite-commons/src/main/java/org/junit/platform/suite/commons","L46378"
"L46725","junit","D:/GitRepos/2022SourceMeter-CasadoCristianDavid/junit5-r5.8.1/junit-platform-suite-engine/src/main/java/org/junit","L46724"
"L46726","platform","D:/GitRepos/2022SourceMeter-CasadoCristianDavid/junit5-r5.8.1/junit-platform-suite-engine/src/main/java/org/junit/platform","L46725"
"L46727","suite","D:/GitRepos/2022SourceMeter-CasadoCristianDavid/junit5-r5.8.1/junit-platform-suite-engine/src/main/java/org/junit/platform/suite","L46726"
"L46728","engine","D:/GitRepos/2022SourceMeter-CasadoCristianDavid/junit5-r5.8.1/junit-platform-suite-engine/src/main/java/org/junit/platform/suite/engine","L46727"
"L47101","junit","D:/GitRepos/2022SourceMeter-CasadoCristianDavid/junit5-r5.8.1/junit-platform-testkit/src/main/java/org/junit","L47100"
"L47102","platform","D:/GitRepos/2022SourceMeter-CasadoCristianDavid/junit5-r5.8.1/junit-platform-testkit/src/main/java/org/junit/platform","L47101"
"L47103","testkit","D:/GitRepos/2022SourceMeter-CasadoCristianDavid/junit5-r5.8.1/junit-platform-testkit/src/main/java/org/junit/platform/testkit","L47102"
"L47106","engine","D:/GitRepos/2022SourceMeter-CasadoCristianDavid/junit5-r5.8.1/junit-platform-testkit/src/main/java/org/junit/platform/testkit/engine","L47103"
"L48082","junit","D:/GitRepos/2022SourceMeter-CasadoCristianDavid/junit5-r5.8.1/junit-vintage-engine/src/main/java/org/junit","L48081"
"L48091","junit","D:/GitRepos/2022SourceMeter-CasadoCristianDavid/junit5-r5.8.1/junit-vintage-engine/src/test/java/org/junit","L48090"
"L49845","junit","D:/GitRepos/2022SourceMeter-CasadoCristianDavid/junit5-r5.8.1/junit-vintage-engine/src/testFixtures/java/org/junit","L49844"
"L48083","vintage","D:/GitRepos/2022SourceMeter-CasadoCristianDavid/junit5-r5.8.1/junit-vintage-engine/src/main/java/org/junit/vintage","L48082"
"L48092","vintage","D:/GitRepos/2022SourceMeter-CasadoCristianDavid/junit5-r5.8.1/junit-vintage-engine/src/test/java/org/junit/vintage","L48091"
"L49846","vintage","D:/GitRepos/2022SourceMeter-CasadoCristianDavid/junit5-r5.8.1/junit-vintage-engine/src/testFixtures/java/org/junit/vintage","L49845"
"L48084","engine","D:/GitRepos/2022SourceMeter-CasadoCristianDavid/junit5-r5.8.1/junit-vintage-engine/src/main/java/org/junit/vintage/engine","L48083"
"L48103","descriptor","D:/GitRepos/2022SourceMeter-CasadoCristianDavid/junit5-r5.8.1/junit-vintage-engine/src/main/java/org/junit/vintage/engine/descriptor","L48084"
"L48388","discovery","D:/GitRepos/2022SourceMeter-CasadoCristianDavid/junit5-r5.8.1/junit-vintage-engine/src/main/java/org/junit/vintage/engine/discovery","L48084"
"L48809","execution","D:/GitRepos/2022SourceMeter-CasadoCristianDavid/junit5-r5.8.1/junit-vintage-engine/src/main/java/org/junit/vintage/engine/execution","L48084"
"L49170","support","D:/GitRepos/2022SourceMeter-CasadoCristianDavid/junit5-r5.8.1/junit-vintage-engine/src/main/java/org/junit/vintage/engine/support","L48084"
"L48093","engine","D:/GitRepos/2022SourceMeter-CasadoCristianDavid/junit5-r5.8.1/junit-vintage-engine/src/test/java/org/junit/vintage/engine","L48092"
"L48113","descriptor","D:/GitRepos/2022SourceMeter-CasadoCristianDavid/junit5-r5.8.1/junit-vintage-engine/src/test/java/org/junit/vintage/engine/descriptor","L48093"
"L48400","discovery","D:/GitRepos/2022SourceMeter-CasadoCristianDavid/junit5-r5.8.1/junit-vintage-engine/src/test/java/org/junit/vintage/engine/discovery","L48093"
"L48815","execution","D:/GitRepos/2022SourceMeter-CasadoCristianDavid/junit5-r5.8.1/junit-vintage-engine/src/test/java/org/junit/vintage/engine/execution","L48093"
"L49174","support","D:/GitRepos/2022SourceMeter-CasadoCristianDavid/junit5-r5.8.1/junit-vintage-engine/src/test/java/org/junit/vintage/engine/support","L48093"
"L49847","engine","D:/GitRepos/2022SourceMeter-CasadoCristianDavid/junit5-r5.8.1/junit-vintage-engine/src/testFixtures/java/org/junit/vintage/engine","L49846"
"L49848","samples","D:/GitRepos/2022SourceMeter-CasadoCristianDavid/junit5-r5.8.1/junit-vintage-engine/src/testFixtures/java/org/junit/vintage/engine/samples","L49847"
"L49851","junit3","D:/GitRepos/2022SourceMeter-CasadoCristianDavid/junit5-r5.8.1/junit-vintage-engine/src/testFixtures/java/org/junit/vintage/engine/samples/junit3","L49848"
"L49883","junit4","D:/GitRepos/2022SourceMeter-CasadoCristianDavid/junit5-r5.8.1/junit-vintage-engine/src/testFixtures/java/org/junit/vintage/engine/samples/junit4","L49848"
"L50260","java","D:/GitRepos/2022SourceMeter-CasadoCristianDavid/junit5-r5.8.1/platform-tooling-support-tests/projects/gradle-missing-engine/src/test/java","L50259"
"L50265","java","D:/GitRepos/2022SourceMeter-CasadoCristianDavid/junit5-r5.8.1/platform-tooling-support-tests/projects/java-versions/src/test/java","L50264"
"L50345","java","D:/GitRepos/2022SourceMeter-CasadoCristianDavid/junit5-r5.8.1/platform-tooling-support-tests/projects/ant-starter/src/main/java","L50344"
"L50351","java","D:/GitRepos/2022SourceMeter-CasadoCristianDavid/junit5-r5.8.1/platform-tooling-support-tests/projects/ant-starter/src/test/java","L50350"
"L50359","java","D:/GitRepos/2022SourceMeter-CasadoCristianDavid/junit5-r5.8.1/platform-tooling-support-tests/projects/gradle-starter/src/main/java","L50358"
"L50365","java","D:/GitRepos/2022SourceMeter-CasadoCristianDavid/junit5-r5.8.1/platform-tooling-support-tests/projects/gradle-starter/src/test/java","L50364"
"L50373","java","D:/GitRepos/2022SourceMeter-CasadoCristianDavid/junit5-r5.8.1/platform-tooling-support-tests/projects/maven-starter/src/main/java","L50372"
"L50379","java","D:/GitRepos/2022SourceMeter-CasadoCristianDavid/junit5-r5.8.1/platform-tooling-support-tests/projects/maven-starter/src/test/java","L50378"
"L50431","java","D:/GitRepos/2022SourceMeter-CasadoCristianDavid/junit5-r5.8.1/platform-tooling-support-tests/projects/vintage/src/test/java","L50430"
"L50444","test","D:/GitRepos/2022SourceMeter-CasadoCristianDavid/junit5-r5.8.1/platform-tooling-support-tests/projects/multi-release-jar/default/src/test","L50443"
"L50509","tooling","D:/GitRepos/2022SourceMeter-CasadoCristianDavid/junit5-r5.8.1/platform-tooling-support-tests/src/main/java/platform/tooling","L50508"
"L50519","tooling","D:/GitRepos/2022SourceMeter-CasadoCristianDavid/junit5-r5.8.1/platform-tooling-support-tests/src/test/java/platform/tooling","L50518"
"L50346","com","D:/GitRepos/2022SourceMeter-CasadoCristianDavid/junit5-r5.8.1/platform-tooling-support-tests/projects/ant-starter/src/main/java/com","L50345"
"L50352","com","D:/GitRepos/2022SourceMeter-CasadoCristianDavid/junit5-r5.8.1/platform-tooling-support-tests/projects/ant-starter/src/test/java/com","L50351"
"L50360","com","D:/GitRepos/2022SourceMeter-CasadoCristianDavid/junit5-r5.8.1/platform-tooling-support-tests/projects/gradle-starter/src/main/java/com","L50359"
"L50366","com","D:/GitRepos/2022SourceMeter-CasadoCristianDavid/junit5-r5.8.1/platform-tooling-support-tests/projects/gradle-starter/src/test/java/com","L50365"
"L50374","com","D:/GitRepos/2022SourceMeter-CasadoCristianDavid/junit5-r5.8.1/platform-tooling-support-tests/projects/maven-starter/src/main/java/com","L50373"
"L50380","com","D:/GitRepos/2022SourceMeter-CasadoCristianDavid/junit5-r5.8.1/platform-tooling-support-tests/projects/maven-starter/src/test/java/com","L50379"
"L50432","com","D:/GitRepos/2022SourceMeter-CasadoCristianDavid/junit5-r5.8.1/platform-tooling-support-tests/projects/vintage/src/test/java/com","L50431"
"L50445","java","D:/GitRepos/2022SourceMeter-CasadoCristianDavid/junit5-r5.8.1/platform-tooling-support-tests/projects/multi-release-jar/default/src/test/java","L50444"
"L50347","example","D:/GitRepos/2022SourceMeter-CasadoCristianDavid/junit5-r5.8.1/platform-tooling-support-tests/projects/ant-starter/src/main/java/com/example","L50346"
"L50353","example","D:/GitRepos/2022SourceMeter-CasadoCristianDavid/junit5-r5.8.1/platform-tooling-support-tests/projects/ant-starter/src/test/java/com/example","L50352"
"L50348","project","D:/GitRepos/2022SourceMeter-CasadoCristianDavid/junit5-r5.8.1/platform-tooling-support-tests/projects/ant-starter/src/main/java/com/example/project","L50347"
"L50354","project","D:/GitRepos/2022SourceMeter-CasadoCristianDavid/junit5-r5.8.1/platform-tooling-support-tests/projects/ant-starter/src/test/java/com/example/project","L50353"
"L50361","example","D:/GitRepos/2022SourceMeter-CasadoCristianDavid/junit5-r5.8.1/platform-tooling-support-tests/projects/gradle-starter/src/main/java/com/example","L50360"
"L50367","example","D:/GitRepos/2022SourceMeter-CasadoCristianDavid/junit5-r5.8.1/platform-tooling-support-tests/projects/gradle-starter/src/test/java/com/example","L50366"
"L50362","project","D:/GitRepos/2022SourceMeter-CasadoCristianDavid/junit5-r5.8.1/platform-tooling-support-tests/projects/gradle-starter/src/main/java/com/example/project","L50361"
"L50368","project","D:/GitRepos/2022SourceMeter-CasadoCristianDavid/junit5-r5.8.1/platform-tooling-support-tests/projects/gradle-starter/src/test/java/com/example/project","L50367"
"L50375","example","D:/GitRepos/2022SourceMeter-CasadoCristianDavid/junit5-r5.8.1/platform-tooling-support-tests/projects/maven-starter/src/main/java/com/example","L50374"
"L50381","example","D:/GitRepos/2022SourceMeter-CasadoCristianDavid/junit5-r5.8.1/platform-tooling-support-tests/projects/maven-starter/src/test/java/com/example","L50380"
"L50376","project","D:/GitRepos/2022SourceMeter-CasadoCristianDavid/junit5-r5.8.1/platform-tooling-support-tests/projects/maven-starter/src/main/java/com/example/project","L50375"
"L50382","project","D:/GitRepos/2022SourceMeter-CasadoCristianDavid/junit5-r5.8.1/platform-tooling-support-tests/projects/maven-starter/src/test/java/com/example/project","L50381"
"L50433","example","D:/GitRepos/2022SourceMeter-CasadoCristianDavid/junit5-r5.8.1/platform-tooling-support-tests/projects/vintage/src/test/java/com/example","L50432"
"L50434","vintage","D:/GitRepos/2022SourceMeter-CasadoCristianDavid/junit5-r5.8.1/platform-tooling-support-tests/projects/vintage/src/test/java/com/example/vintage","L50433"
"L50446","integration","D:/GitRepos/2022SourceMeter-CasadoCristianDavid/junit5-r5.8.1/platform-tooling-support-tests/projects/multi-release-jar/default/src/test/java/integration","L50445"
"L50447","integration","D:/GitRepos/2022SourceMeter-CasadoCristianDavid/junit5-r5.8.1/platform-tooling-support-tests/projects/multi-release-jar/default/src/test/java/integration/integration","L50446"
"L50510","support","D:/GitRepos/2022SourceMeter-CasadoCristianDavid/junit5-r5.8.1/platform-tooling-support-tests/src/main/java/platform/tooling/support","L50509"
"L50520","support","D:/GitRepos/2022SourceMeter-CasadoCristianDavid/junit5-r5.8.1/platform-tooling-support-tests/src/test/java/platform/tooling/support","L50519"
"L50734","tests","D:/GitRepos/2022SourceMeter-CasadoCristianDavid/junit5-r5.8.1/platform-tooling-support-tests/src/test/java/platform/tooling/support/tests","L50520"
